id,title,score,num_comments,author,created_utc,url,over_18,edited,spoiler,stickied
1en6uiw,The Job Description vs. The Job,193,25,SelectStarData,2024-08-08 14:04:54,https://v.redd.it/cofdka9z9ehd1,False,False,False,False
1en3oq2,How many rounds are too many for a Data Engineer role?,53,104,Greckol,2024-08-08 11:38:52,https://www.reddit.com/r/dataengineering/comments/1en3oq2/how_many_rounds_are_too_many_for_a_data_engineer/,False,1723138087.0,False,False
1emst8g,DE job struggle,43,25,pl0nt_lvr,2024-08-08 01:02:30,https://www.reddit.com/r/dataengineering/comments/1emst8g/de_job_struggle/,False,False,False,False
1enacru,"Why do teams avoid sharing ""raw"" data?",39,51,None,2024-08-08 16:25:17,https://www.reddit.com/r/dataengineering/comments/1enacru/why_do_teams_avoid_sharing_raw_data/,False,False,False,False
1en2q3i,Data Engineer (Aws) but azure ?,19,13,Technical-Tap-5424,2024-08-08 10:43:20,https://www.reddit.com/r/dataengineering/comments/1en2q3i/data_engineer_aws_but_azure/,False,False,False,False
1en3oty,Computing Option Greeks in real time using Pathway and Databento,10,1,LocksmithBest2231,2024-08-08 11:39:02,https://pathway.com/developers/templates/option-greeks,False,False,False,False
1emzs08,Super unperformant join delta to delta,8,20,RexehBRS,2024-08-08 07:27:39,https://www.reddit.com/r/dataengineering/comments/1emzs08/super_unperformant_join_delta_to_delta/,False,False,False,False
1emvjvg,Looking for advice..,8,2,lilj8812,2024-08-08 03:15:17,https://www.reddit.com/r/dataengineering/comments/1emvjvg/looking_for_advice/,False,False,False,False
1en8yrn,Lake (Structure) Design Patterns,7,3,PencilBoy99,2024-08-08 15:29:55,https://www.reddit.com/r/dataengineering/comments/1en8yrn/lake_structure_design_patterns/,False,False,False,False
1en0d58,Modelling different date granularities ,7,3,DarthBallz999,2024-08-08 08:08:02,https://www.reddit.com/r/dataengineering/comments/1en0d58/modelling_different_date_granularities/,False,False,False,False
1enbzb3,How do companies that deal with a large amount of excel spreatsheet data from various clients that have different standards for their data? Do they keep them as spreadsheets? Do they convert them into SQL databases or NoSQL databases?,7,24,WishIWasBronze,2024-08-08 17:29:54,https://www.reddit.com/r/dataengineering/comments/1enbzb3/how_do_companies_that_deal_with_a_large_amount_of/,False,False,False,False
1enaz06,How do you monitor data platforms you use in production?,4,6,Typical_Priority3319,2024-08-08 16:49:48,https://www.reddit.com/r/dataengineering/comments/1enaz06/how_do_you_monitor_data_platforms_you_use_in/,False,False,False,False
1emuoa6,Quries on Hybrid table on Apache Pinot,4,0,PlanktonRemarkable21,2024-08-08 02:31:42,https://www.reddit.com/r/dataengineering/comments/1emuoa6/quries_on_hybrid_table_on_apache_pinot/,False,False,False,False
1enhqlb,Where should Data Build Tool (dbt) be used and why?,5,13,SAsad01,2024-08-08 21:22:27,https://www.reddit.com/r/dataengineering/comments/1enhqlb/where_should_data_build_tool_dbt_be_used_and_why/,False,1723152699.0,False,False
1encb2i,Extract values from Excel and PDF,3,2,avistafina,2024-08-08 17:42:54,https://www.reddit.com/r/dataengineering/comments/1encb2i/extract_values_from_excel_and_pdf/,False,False,False,False
1enbf9w,Some data storage questions with Bronze->Silver,2,1,Zeke_Grey,2024-08-08 17:07:34,https://www.reddit.com/r/dataengineering/comments/1enbf9w/some_data_storage_questions_with_bronzesilver/,False,False,False,False
1enamvd,Apache Iceberg event and workshop in Bay Area on Aug 15,3,0,royondata,2024-08-08 16:36:13,https://www.reddit.com/r/dataengineering/comments/1enamvd/apache_iceberg_event_and_workshop_in_bay_area_on/,False,False,False,False
1en9tkh,Airflow help,3,1,Free-Way-5831,2024-08-08 16:03:54,https://www.reddit.com/r/dataengineering/comments/1en9tkh/airflow_help/,False,False,False,False
1en1ur4,Bytebase 2.22.1 Released - Database Schema Change and Version Control for MySQL/PG/Oracle/MSSQL/Snowflake ...,3,0,Adela_freedom,2024-08-08 09:49:24,https://www.bytebase.com/changelog/bytebase-2-22-1/,False,False,False,False
1emy3xh,Deletion of past data from the Flink Dynamic Table,3,0,ApprehensiveUse3133,2024-08-08 05:39:24,https://www.reddit.com/r/dataengineering/comments/1emy3xh/deletion_of_past_data_from_the_flink_dynamic_table/,False,False,False,False
1eng4a0,Tabular model design,2,1,LankyOpportunity8363,2024-08-08 20:15:38,https://www.reddit.com/r/dataengineering/comments/1eng4a0/tabular_model_design/,False,False,False,False
1enfpzs,Embeddings,2,2,patatalyfe,2024-08-08 19:59:47,https://www.reddit.com/r/dataengineering/comments/1enfpzs/embeddings/,False,False,False,False
1enfloj,Looking for Resources to Start Learning Data Engineering from Scratch,2,4,Equivalent_Nerve_647,2024-08-08 19:54:54,https://www.reddit.com/r/dataengineering/comments/1enfloj/looking_for_resources_to_start_learning_data/,False,False,False,False
1enezut,Realtime OLAP on GCP,2,1,Admirable_Hat_7871,2024-08-08 19:30:17,https://www.reddit.com/r/dataengineering/comments/1enezut/realtime_olap_on_gcp/,False,False,False,False
1enejxb,Kafka connect SMT as a library ,2,1,No_Direction_5276,2024-08-08 19:12:01,https://www.reddit.com/r/dataengineering/comments/1enejxb/kafka_connect_smt_as_a_library/,False,False,False,False
1enbhhh,Lakehouse layer approach,2,0,ltofanelli,2024-08-08 17:10:10,https://www.reddit.com/r/dataengineering/comments/1enbhhh/lakehouse_layer_approach/,False,False,False,False
1en97dt,How to rebuild Iceberg catalog from metadata layer on S3,2,5,georgegach,2024-08-08 15:39:19,https://www.reddit.com/r/dataengineering/comments/1en97dt/how_to_rebuild_iceberg_catalog_from_metadata/,False,1723131996.0,False,False
1en4oth,Azure Synapse - using output from one REST call as property list for another?,2,0,Apprehensive-Box281,2024-08-08 12:29:34,https://www.reddit.com/r/dataengineering/comments/1en4oth/azure_synapse_using_output_from_one_rest_call_as/,False,False,False,False
1en2hzf,UCX Databricks ,2,0,Glum_Attorney_6755,2024-08-08 10:29:39,https://www.reddit.com/r/dataengineering/comments/1en2hzf/ucx_databricks/,False,False,False,False
1en2cpq,Bridging Backend and Data Engineering: Communicating Through Events,2,0,der_gopher,2024-08-08 10:20:03,https://medium.com/@pliutau/bridging-backend-and-data-engineering-communicating-through-events-f699d6200bb1,False,False,False,False
1emy3wj,Can I become a DE with a business and data analytics BA?,1,2,cailloudragonballs,2024-08-08 05:39:21,https://www.reddit.com/r/dataengineering/comments/1emy3wj/can_i_become_a_de_with_a_business_and_data/,False,False,False,False
